<?xml version="1.0" encoding="UTF-8"?>
<project-private xmlns="http://www.netbeans.org/ns/project-private/1">
    <editor-bookmarks xmlns="http://www.netbeans.org/ns/editor-bookmarks/2" lastBookmarkId="0"/>
    <open-files xmlns="http://www.netbeans.org/ns/projectui-open-files/2">
        <group>
            <file>file:/C:/Users/udesc.CCTCC/Documents/NetBeansProjects/POO/src/apresentacao/Main.java</file>
            <file>file:/C:/Users/udesc.CCTCC/Documents/NetBeansProjects/POO/src/apresentacao/TelaCliente.java</file>
            <file>file:/C:/Users/udesc.CCTCC/Documents/NetBeansProjects/POO/src/dao/DAOMemoria.java</file>
            <file>file:/C:/Users/udesc.CCTCC/Documents/NetBeansProjects/POO/src/dao/DAOInterface.java</file>
            <file>file:/C:/Users/udesc.CCTCC/Documents/NetBeansProjects/POO/src/negocio/NegocioFacade.java</file>
            <file>file:/C:/Users/udesc.CCTCC/Documents/NetBeansProjects/POO/src/apresentacao/TelaLogin.java</file>
            <file>file:/C:/Users/udesc.CCTCC/Documents/NetBeansProjects/POO/src/negocio/SegurancaOperacoes.java</file>
            <file>file:/C:/Users/udesc.CCTCC/Documents/NetBeansProjects/POO/src/eda/Status.java</file>
            <file>file:/C:/Users/udesc.CCTCC/Documents/NetBeansProjects/POO/src/negocio/CredibilidadeOperacoes.java</file>
        </group>
    </open-files>
</project-private>
