<?xml version="1.0" encoding="UTF-8"?>
<project-private xmlns="http://www.netbeans.org/ns/project-private/1">
    <editor-bookmarks xmlns="http://www.netbeans.org/ns/editor-bookmarks/2" lastBookmarkId="0"/>
    <open-files xmlns="http://www.netbeans.org/ns/projectui-open-files/2">
        <group>
            <file>file:/C:/Users/udesc/Documents/NetBeansProjects/POO/src/interfaces/Movable.java</file>
            <file>file:/C:/Users/udesc/Documents/NetBeansProjects/POO/src/interfaces/Point2D.java</file>
            <file>file:/C:/Users/udesc/Documents/NetBeansProjects/POO/src/interfaces/Main.java</file>
            <file>file:/C:/Users/udesc/Documents/NetBeansProjects/POO/src/animais/Dog.java</file>
            <file>file:/C:/Users/udesc/Documents/NetBeansProjects/POO/src/interfaces/Rectangle.java</file>
            <file>file:/C:/Users/udesc/Documents/NetBeansProjects/POO/src/interfaces/Circle.java</file>
            <file>file:/C:/Users/udesc/Documents/NetBeansProjects/POO/src/interfaces/Relatable.java</file>
        </group>
    </open-files>
</project-private>
