<?xml version="1.0" encoding="UTF-8"?>
<project-private xmlns="http://www.netbeans.org/ns/project-private/1">
    <editor-bookmarks xmlns="http://www.netbeans.org/ns/editor-bookmarks/2" lastBookmarkId="0"/>
    <open-files xmlns="http://www.netbeans.org/ns/projectui-open-files/2">
        <group>
            <file>file:/C:/Users/udesc.CCTCC/Documents/NetBeansProjects/aula/src/sistemaAcademico/Turma.java</file>
            <file>file:/C:/Users/udesc.CCTCC/Documents/NetBeansProjects/aula/src/aula/Aula.java</file>
            <file>file:/C:/Users/udesc.CCTCC/Documents/NetBeansProjects/aula/src/aula04/Prato.java</file>
            <file>file:/C:/Users/udesc.CCTCC/Documents/NetBeansProjects/aula/src/aula/Time.java</file>
            <file>file:/C:/Users/udesc.CCTCC/Documents/NetBeansProjects/aula/src/aula04/Main.java</file>
            <file>file:/C:/Users/udesc.CCTCC/Documents/NetBeansProjects/aula/src/sistemaBancario/Banco.java</file>
            <file>file:/C:/Users/udesc.CCTCC/Documents/NetBeansProjects/aula/src/aula04/Carro.java</file>
            <file>file:/C:/Users/udesc.CCTCC/Documents/NetBeansProjects/aula/src/sistemaAcademico/Universidade.java</file>
            <file>file:/C:/Users/udesc.CCTCC/Documents/NetBeansProjects/aula/src/aula04/Sabor.java</file>
            <file>file:/C:/Users/udesc.CCTCC/Documents/NetBeansProjects/aula/src/sistemaAcademico/Aluno.java</file>
        </group>
    </open-files>
</project-private>
